{
  "Azorius (WU)": 0.5805501662971175,
  "Dimir (UB)": 0.5666933974873029,
  "Rakdos (BR)": 0.5411263916175507,
  "Gruul (RG)": 0.5506281720609035,
  "Selesnya (GW)": 0.574191314670096,
  "Orzhov (WB)": 0.5560389323108686,
  "Golgari (BG)": 0.5552739470741707,
  "Simic (GU)": 0.5427008491182234,
  "Izzet (UR)": 0.5622683657409758,
  "Boros (RW)": 0.5766725873297809,
  "All Decks": 0.558835851378597
}
