{"Azorius (WU)":0.5735999247861105,"Dimir (UB)":0.561564213682762,"Rakdos (BR)":0.5344923247641946,"Gruul (RG)":0.5500975651141088,"Selesnya (GW)":0.5723436506772285,"Orzhov (WB)":0.5508497996407351,"Golgari (BG)":0.5538643533123029,"Simic (GU)":0.5412924151696606,"Izzet (UR)":0.563355247139031,"Boros (RW)":0.5704509234086435,"All Decks":0.5557674360266247}