{"Azorius (WU)":0.5767993110949964,"Dimir (UB)":0.5649086623453152,"Rakdos (BR)":0.5377682403433477,"Gruul (RG)":0.5497882568387318,"Selesnya (GW)":0.5733146834061136,"Orzhov (WB)":0.5531155238188399,"Golgari (BG)":0.553158060123599,"Simic (GU)":0.5399317406143345,"Izzet (UR)":0.5639650578434349,"Boros (RW)":0.5718696288751671,"All Decks":0.5572951523586721}