{"Azorius (WU)":0.5753926146010186,"Dimir (UB)":0.5623230119307367,"Rakdos (BR)":0.5362429299209756,"Gruul (RG)":0.550645342312009,"Selesnya (GW)":0.5729435683279301,"Orzhov (WB)":0.5518617021276596,"Golgari (BG)":0.553859649122807,"Simic (GU)":0.5401059578027698,"Izzet (UR)":0.5634156322466239,"Boros (RW)":0.5703805474906678,"All Decks":0.5562520407944381}