{"Azorius (WU)":0.5819470117067159,"Dimir (UB)":0.5669934640522876,"Rakdos (BR)":0.5166240409207161,"Gruul (RG)":0.5506493506493506,"Selesnya (GW)":0.5915824915824915,"Orzhov (WB)":0.5972369819341127,"Golgari (BG)":0.5669856459330144,"Simic (GU)":0.5457025920873124,"Izzet (UR)":0.5335868187579215,"Boros (RW)":0.5842572062084257,"All Decks":0.5796547126114113}