{"Azorius (WU)":0.5605491596379979,"Dimir (UB)":0.5603762361513868,"Rakdos (BR)":0.5155190401669275,"Gruul (RG)":0.5319687030743697,"Selesnya (GW)":0.5847141364382744,"Orzhov (WB)":0.5528571428571428,"Golgari (BG)":0.5692210659098076,"Simic (GU)":0.5032051282051282,"Izzet (UR)":0.4782608695652174,"Boros (RW)":0.5233160621761658,"All Decks":0.550277417377868}