{"Azorius (WU)":0.5723064723956784,"Dimir (UB)":0.5607967805362097,"Rakdos (BR)":0.5334685598377282,"Gruul (RG)":0.5495506011439244,"Selesnya (GW)":0.571999734929646,"Orzhov (WB)":0.5518024322727131,"Golgari (BG)":0.5527218870787126,"Simic (GU)":0.5417480835713212,"Izzet (UR)":0.5633456874054256,"Boros (RW)":0.5693811632334381,"All Decks":0.5554028943287529}