{
  "Azorius (WU)": 0.5770362105690232,
  "Dimir (UB)": 0.5640651431224917,
  "Rakdos (BR)": 0.5374344053618746,
  "Gruul (RG)": 0.5486115544206831,
  "Selesnya (GW)": 0.5742033383915023,
  "Orzhov (WB)": 0.5532672399627541,
  "Golgari (BG)": 0.5528898582333697,
  "Simic (GU)": 0.5389509137404104,
  "Izzet (UR)": 0.5636274620570181,
  "Boros (RW)": 0.5743444316073242,
  "All Decks": 0.5574447077409163
}
