{"Azorius (WU)":0.57158991944263,"Dimir (UB)":0.5608670510102161,"Rakdos (BR)":0.5335350646759551,"Gruul (RG)":0.5498085003532518,"Selesnya (GW)":0.5713560612469334,"Orzhov (WB)":0.551972708395135,"Golgari (BG)":0.5535354937200749,"Simic (GU)":0.5413712434766961,"Izzet (UR)":0.563582726587999,"Boros (RW)":0.5693689972116079,"All Decks":0.5552421389090401}