{"Azorius (WU)":0.5791176470588235,"Dimir (UB)":0.5708481462671406,"Rakdos (BR)":0.5192953020134228,"Gruul (RG)":0.5511651469098278,"Selesnya (GW)":0.5931372549019608,"Orzhov (WB)":0.5963165754106521,"Golgari (BG)":0.5692425401683244,"Simic (GU)":0.5467171717171717,"Izzet (UR)":0.5367913148371531,"Boros (RW)":0.59375,"All Decks":0.580581550802139}